,NC,NN,MC,MN,V,D1C,D1N,D2C,D2N,D3C,D3N
0,Nível Territorial (Código),Nível Territorial,Unidade de Medida (Código),Unidade de Medida,Valor,Brasil (Código),Brasil,Mês (Código),Mês,Variável (Código),Variável
1,1,Brasil,30,Número-índice,0.0000000076183,1,Brasil,197912,dezembro 1979,2266,IPCA - Número-índice (base: dezembro de 1993 = 100)
2,1,Brasil,30,Número-índice,0.0000000081223,1,Brasil,198001,janeiro 1980,2266,IPCA - Número-índice (base: dezembro de 1993 = 100)
3,1,Brasil,30,Número-índice,0.0000000084973,1,Brasil,198002,fevereiro 1980,2266,IPCA - Número-índice (base: dezembro de 1993 = 100)
4,1,Brasil,30,Número-índice,0.0000000090104,1,Brasil,198003,março 1980,2266,IPCA - Número-índice (base: dezembro de 1993 = 100)
5,1,Brasil,30,Número-índice,0.0000000094867,1,Brasil,198004,abril 1980,2266,IPCA - Número-índice (base: dezembro de 1993 = 100)
6,1,Brasil,30,Número-índice,0.0000000100277,1,Brasil,198005,maio 1980,2266,IPCA - Número-índice (base: dezembro de 1993 = 100)
7,1,Brasil,30,Número-índice,0.0000000105597,1,Brasil,198006,junho 1980,2266,IPCA - Número-índice (base: dezembro de 1993 = 100)
8,1,Brasil,30,Número-índice,0.0000000111453,1,Brasil,198007,julho 1980,2266,IPCA - Número-índice (base: dezembro de 1993 = 100)
9,1,Brasil,30,Número-índice,0.0000000116965,1,Brasil,198008,agosto 1980,2266,IPCA - Número-índice (base: dezembro de 1993 = 100)
10,1,Brasil,30,Número-índice,0.0000000121913,1,Brasil,198009,setembro 1980,2266,IPCA - Número-índice (base: dezembro de 1993 = 100)
11,1,Brasil,30,Número-índice,0.0000000133471,1,Brasil,198010,outubro 1980,2266,IPCA - Número-índice (base: dezembro de 1993 = 100)
12,1,Brasil,30,Número-índice,0.0000000142378,1,Brasil,198011,novembro 1980,2266,IPCA - Número-índice (base: dezembro de 1993 = 100)
13,1,Brasil,30,Número-índice,0.0000000151795,1,Brasil,198012,dezembro 1980,2266,IPCA - Número-índice (base: dezembro de 1993 = 100)
14,1,Brasil,30,Número-índice,0.0000000162174,1,Brasil,198101,janeiro 1981,2266,IPCA - Número-índice (base: dezembro de 1993 = 100)
15,1,Brasil,30,Número-índice,0.0000000172555,1,Brasil,198102,fevereiro 1981,2266,IPCA - Número-índice (base: dezembro de 1993 = 100)
16,1,Brasil,30,Número-índice,0.0000000181134,1,Brasil,198103,março 1981,2266,IPCA - Número-índice (base: dezembro de 1993 = 100)
17,1,Brasil,30,Número-índice,0.0000000192839,1,Brasil,198104,abril 1981,2266,IPCA - Número-índice (base: dezembro de 1993 = 100)
18,1,Brasil,30,Número-índice,0.0000000203560,1,Brasil,198105,maio 1981,2266,IPCA - Número-índice (base: dezembro de 1993 = 100)
19,1,Brasil,30,Número-índice,0.0000000214792,1,Brasil,198106,junho 1981,2266,IPCA - Número-índice (base: dezembro de 1993 = 100)
20,1,Brasil,30,Número-índice,0.0000000228229,1,Brasil,198107,julho 1981,2266,IPCA - Número-índice (base: dezembro de 1993 = 100)
21,1,Brasil,30,Número-índice,0.0000000240772,1,Brasil,198108,agosto 1981,2266,IPCA - Número-índice (base: dezembro de 1993 = 100)
22,1,Brasil,30,Número-índice,0.0000000253429,1,Brasil,198109,setembro 1981,2266,IPCA - Número-índice (base: dezembro de 1993 = 100)
23,1,Brasil,30,Número-índice,0.0000000266297,1,Brasil,198110,outubro 1981,2266,IPCA - Número-índice (base: dezembro de 1993 = 100)
24,1,Brasil,30,Número-índice,0.0000000280335,1,Brasil,198111,novembro 1981,2266,IPCA - Número-índice (base: dezembro de 1993 = 100)
25,1,Brasil,30,Número-índice,0.0000000296946,1,Brasil,198112,dezembro 1981,2266,IPCA - Número-índice (base: dezembro de 1993 = 100)
26,1,Brasil,30,Número-índice,0.0000000317628,1,Brasil,198201,janeiro 1982,2266,IPCA - Número-índice (base: dezembro de 1993 = 100)
27,1,Brasil,30,Número-índice,0.0000000338708,1,Brasil,198202,fevereiro 1982,2266,IPCA - Número-índice (base: dezembro de 1993 = 100)
28,1,Brasil,30,Número-índice,0.0000000358057,1,Brasil,198203,março 1982,2266,IPCA - Número-índice (base: dezembro de 1993 = 100)
29,1,Brasil,30,Número-índice,0.0000000379137,1,Brasil,198204,abril 1982,2266,IPCA - Número-índice (base: dezembro de 1993 = 100)
30,1,Brasil,30,Número-índice,0.0000000404382,1,Brasil,198205,maio 1982,2266,IPCA - Número-índice (base: dezembro de 1993 = 100)
31,1,Brasil,30,Número-índice,0.0000000433113,1,Brasil,198206,junho 1982,2266,IPCA - Número-índice (base: dezembro de 1993 = 100)
32,1,Brasil,30,Número-índice,0.0000000460650,1,Brasil,198207,julho 1982,2266,IPCA - Número-índice (base: dezembro de 1993 = 100)
33,1,Brasil,30,Número-índice,0.0000000488164,1,Brasil,198208,agosto 1982,2266,IPCA - Número-índice (base: dezembro de 1993 = 100)
34,1,Brasil,30,Número-índice,0.0000000512964,1,Brasil,198209,setembro 1982,2266,IPCA - Número-índice (base: dezembro de 1993 = 100)
35,1,Brasil,30,Número-índice,0.0000000535752,1,Brasil,198210,outubro 1982,2266,IPCA - Número-índice (base: dezembro de 1993 = 100)
36,1,Brasil,30,Número-índice,0.0000000564085,1,Brasil,198211,novembro 1982,2266,IPCA - Número-índice (base: dezembro de 1993 = 100)
37,1,Brasil,30,Número-índice,0.0000000608117,1,Brasil,198212,dezembro 1982,2266,IPCA - Número-índice (base: dezembro de 1993 = 100)
38,1,Brasil,30,Número-índice,0.0000000660665,1,Brasil,198301,janeiro 1983,2266,IPCA - Número-índice (base: dezembro de 1993 = 100)
39,1,Brasil,30,Número-índice,0.0000000712581,1,Brasil,198302,fevereiro 1983,2266,IPCA - Número-índice (base: dezembro de 1993 = 100)
40,1,Brasil,30,Número-índice,0.0000000764919,1,Brasil,198303,março 1983,2266,IPCA - Número-índice (base: dezembro de 1993 = 100)
41,1,Brasil,30,Número-índice,0.0000000815245,1,Brasil,198304,abril 1983,2266,IPCA - Número-índice (base: dezembro de 1993 = 100)
42,1,Brasil,30,Número-índice,0.0000000868097,1,Brasil,198305,maio 1983,2266,IPCA - Número-índice (base: dezembro de 1993 = 100)
43,1,Brasil,30,Número-índice,0.0000000953868,1,Brasil,198306,junho 1983,2266,IPCA - Número-índice (base: dezembro de 1993 = 100)
44,1,Brasil,30,Número-índice,0.0000001050003,1,Brasil,198307,julho 1983,2266,IPCA - Número-índice (base: dezembro de 1993 = 100)
45,1,Brasil,30,Número-índice,0.0000001145671,1,Brasil,198308,agosto 1983,2266,IPCA - Número-índice (base: dezembro de 1993 = 100)
46,1,Brasil,30,Número-índice,0.0000001263682,1,Brasil,198309,setembro 1983,2266,IPCA - Número-índice (base: dezembro de 1993 = 100)
47,1,Brasil,30,Número-índice,0.0000001375727,1,Brasil,198310,outubro 1983,2266,IPCA - Número-índice (base: dezembro de 1993 = 100)
48,1,Brasil,30,Número-índice,0.0000001477314,1,Brasil,198311,novembro 1983,2266,IPCA - Número-índice (base: dezembro de 1993 = 100)
49,1,Brasil,30,Número-índice,0.0000001605502,1,Brasil,198312,dezembro 1983,2266,IPCA - Número-índice (base: dezembro de 1993 = 100)
50,1,Brasil,30,Número-índice,0.0000001760737,1,Brasil,198401,janeiro 1984,2266,IPCA - Número-índice (base: dezembro de 1993 = 100)
51,1,Brasil,30,Número-índice,0.0000001928020,1,Brasil,198402,fevereiro 1984,2266,IPCA - Número-índice (base: dezembro de 1993 = 100)
52,1,Brasil,30,Número-índice,0.0000002100357,1,Brasil,198403,março 1984,2266,IPCA - Número-índice (base: dezembro de 1993 = 100)
53,1,Brasil,30,Número-índice,0.0000002300794,1,Brasil,198404,abril 1984,2266,IPCA - Número-índice (base: dezembro de 1993 = 100)
54,1,Brasil,30,Número-índice,0.0000002509021,1,Brasil,198405,maio 1984,2266,IPCA - Número-índice (base: dezembro de 1993 = 100)
55,1,Brasil,30,Número-índice,0.0000002761935,1,Brasil,198406,junho 1984,2266,IPCA - Número-índice (base: dezembro de 1993 = 100)
56,1,Brasil,30,Número-índice,0.0000003030524,1,Brasil,198407,julho 1984,2266,IPCA - Número-índice (base: dezembro de 1993 = 100)
57,1,Brasil,30,Número-índice,0.0000003313854,1,Brasil,198408,agosto 1984,2266,IPCA - Número-índice (base: dezembro de 1993 = 100)
58,1,Brasil,30,Número-índice,0.0000003703168,1,Brasil,198409,setembro 1984,2266,IPCA - Número-índice (base: dezembro de 1993 = 100)
59,1,Brasil,30,Número-índice,0.0000004089675,1,Brasil,198410,outubro 1984,2266,IPCA - Número-índice (base: dezembro de 1993 = 100)
60,1,Brasil,30,Número-índice,0.0000004520168,1,Brasil,198411,novembro 1984,2266,IPCA - Número-índice (base: dezembro de 1993 = 100)
61,1,Brasil,30,Número-índice,0.0000005061559,1,Brasil,198412,dezembro 1984,2266,IPCA - Número-índice (base: dezembro de 1993 = 100)
62,1,Brasil,30,Número-índice,0.0000005656761,1,Brasil,198501,janeiro 1985,2266,IPCA - Número-índice (base: dezembro de 1993 = 100)
63,1,Brasil,30,Número-índice,0.0000006271382,1,Brasil,198502,fevereiro 1985,2266,IPCA - Número-índice (base: dezembro de 1993 = 100)
64,1,Brasil,30,Número-índice,0.0000006908698,1,Brasil,198503,março 1985,2266,IPCA - Número-índice (base: dezembro de 1993 = 100)
65,1,Brasil,30,Número-índice,0.0000007474889,1,Brasil,198504,abril 1985,2266,IPCA - Número-índice (base: dezembro de 1993 = 100)
66,1,Brasil,30,Número-índice,0.0000008012770,1,Brasil,198505,maio 1985,2266,IPCA - Número-índice (base: dezembro de 1993 = 100)
67,1,Brasil,30,Número-índice,0.0000008693369,1,Brasil,198506,junho 1985,2266,IPCA - Número-índice (base: dezembro de 1993 = 100)
68,1,Brasil,30,Número-índice,0.0000009589916,1,Brasil,198507,julho 1985,2266,IPCA - Número-índice (base: dezembro de 1993 = 100)
69,1,Brasil,30,Número-índice,0.0000010745459,1,Brasil,198508,agosto 1985,2266,IPCA - Número-índice (base: dezembro de 1993 = 100)
70,1,Brasil,30,Número-índice,0.0000011940075,1,Brasil,198509,setembro 1985,2266,IPCA - Número-índice (base: dezembro de 1993 = 100)
71,1,Brasil,30,Número-índice,0.0000013207687,1,Brasil,198510,outubro 1985,2266,IPCA - Número-índice (base: dezembro de 1993 = 100)
72,1,Brasil,30,Número-índice,0.0000015053189,1,Brasil,198511,novembro 1985,2266,IPCA - Número-índice (base: dezembro de 1993 = 100)
73,1,Brasil,30,Número-índice,0.0000017322163,1,Brasil,198512,dezembro 1985,2266,IPCA - Número-índice (base: dezembro de 1993 = 100)
74,1,Brasil,30,Número-índice,0.0000019811765,1,Brasil,198601,janeiro 1986,2266,IPCA - Número-índice (base: dezembro de 1993 = 100)
75,1,Brasil,30,Número-índice,0.0000022331080,1,Brasil,198602,fevereiro 1986,2266,IPCA - Número-índice (base: dezembro de 1993 = 100)
76,1,Brasil,30,Número-índice,0.0000023396314,1,Brasil,198603,março 1986,2266,IPCA - Número-índice (base: dezembro de 1993 = 100)
77,1,Brasil,30,Número-índice,0.0000023578806,1,Brasil,198604,abril 1986,2266,IPCA - Número-índice (base: dezembro de 1993 = 100)
78,1,Brasil,30,Número-índice,0.0000023908694,1,Brasil,198605,maio 1986,2266,IPCA - Número-índice (base: dezembro de 1993 = 100)
79,1,Brasil,30,Número-índice,0.0000024212846,1,Brasil,198606,junho 1986,2266,IPCA - Número-índice (base: dezembro de 1993 = 100)
80,1,Brasil,30,Número-índice,0.0000024626960,1,Brasil,198607,julho 1986,2266,IPCA - Número-índice (base: dezembro de 1993 = 100)
81,1,Brasil,30,Número-índice,0.0000025501983,1,Brasil,198608,agosto 1986,2266,IPCA - Número-índice (base: dezembro de 1993 = 100)
82,1,Brasil,30,Número-índice,0.0000025939494,1,Brasil,198609,setembro 1986,2266,IPCA - Número-índice (base: dezembro de 1993 = 100)
83,1,Brasil,30,Número-índice,0.0000026433156,1,Brasil,198610,outubro 1986,2266,IPCA - Número-índice (base: dezembro de 1993 = 100)
84,1,Brasil,30,Número-índice,0.0000027874369,1,Brasil,198611,novembro 1986,2266,IPCA - Número-índice (base: dezembro de 1993 = 100)
85,1,Brasil,30,Número-índice,0.0000031121777,1,Brasil,198612,dezembro 1986,2266,IPCA - Número-índice (base: dezembro de 1993 = 100)
86,1,Brasil,30,Número-índice,0.0000035232510,1,Brasil,198701,janeiro 1987,2266,IPCA - Número-índice (base: dezembro de 1993 = 100)
87,1,Brasil,30,Número-índice,0.0000039684829,1,Brasil,198702,fevereiro 1987,2266,IPCA - Número-índice (base: dezembro de 1993 = 100)
88,1,Brasil,30,Número-índice,0.0000046181985,1,Brasil,198703,março 1987,2266,IPCA - Número-índice (base: dezembro de 1993 = 100)
89,1,Brasil,30,Número-índice,0.0000055002395,1,Brasil,198704,abril 1987,2266,IPCA - Número-índice (base: dezembro de 1993 = 100)
90,1,Brasil,30,Número-índice,0.0000066801157,1,Brasil,198705,maio 1987,2266,IPCA - Número-índice (base: dezembro de 1993 = 100)
91,1,Brasil,30,Número-índice,0.0000079968603,1,Brasil,198706,junho 1987,2266,IPCA - Número-índice (base: dezembro de 1993 = 100)
92,1,Brasil,30,Número-índice,0.0000087333762,1,Brasil,198707,julho 1987,2266,IPCA - Número-índice (base: dezembro de 1993 = 100)
93,1,Brasil,30,Número-índice,0.0000091587212,1,Brasil,198708,agosto 1987,2266,IPCA - Número-índice (base: dezembro de 1993 = 100)
94,1,Brasil,30,Número-índice,0.0000098713730,1,Brasil,198709,setembro 1987,2266,IPCA - Número-índice (base: dezembro de 1993 = 100)
95,1,Brasil,30,Número-índice,0.0000109789545,1,Brasil,198710,outubro 1987,2266,IPCA - Número-índice (base: dezembro de 1993 = 100)
96,1,Brasil,30,Número-índice,0.0000126344777,1,Brasil,198711,novembro 1987,2266,IPCA - Número-índice (base: dezembro de 1993 = 100)
97,1,Brasil,30,Número-índice,0.0000144221901,1,Brasil,198712,dezembro 1987,2266,IPCA - Número-índice (base: dezembro de 1993 = 100)
98,1,Brasil,30,Número-índice,0.0000171464570,1,Brasil,198801,janeiro 1988,2266,IPCA - Número-índice (base: dezembro de 1993 = 100)
99,1,Brasil,30,Número-índice,0.0000198384369,1,Brasil,198802,fevereiro 1988,2266,IPCA - Número-índice (base: dezembro de 1993 = 100)
100,1,Brasil,30,Número-índice,0.0000233301029,1,Brasil,198803,março 1988,2266,IPCA - Número-índice (base: dezembro de 1993 = 100)
101,1,Brasil,30,Número-índice,0.0000278303890,1,Brasil,198804,abril 1988,2266,IPCA - Número-índice (base: dezembro de 1993 = 100)
102,1,Brasil,30,Número-índice,0.0000326783343,1,Brasil,198805,maio 1988,2266,IPCA - Número-índice (base: dezembro de 1993 = 100)
103,1,Brasil,30,Número-índice,0.0000398675537,1,Brasil,198806,junho 1988,2266,IPCA - Número-índice (base: dezembro de 1993 = 100)
104,1,Brasil,30,Número-índice,0.0000486025677,1,Brasil,198807,julho 1988,2266,IPCA - Número-índice (base: dezembro de 1993 = 100)
105,1,Brasil,30,Número-índice,0.0000590958147,1,Brasil,198808,agosto 1988,2266,IPCA - Número-índice (base: dezembro de 1993 = 100)
106,1,Brasil,30,Número-índice,0.0000753176493,1,Brasil,198809,setembro 1988,2266,IPCA - Número-índice (base: dezembro de 1993 = 100)
107,1,Brasil,30,Número-índice,0.0000946139936,1,Brasil,198810,outubro 1988,2266,IPCA - Número-índice (base: dezembro de 1993 = 100)
108,1,Brasil,30,Número-índice,0.0001210492553,1,Brasil,198811,novembro 1988,2266,IPCA - Número-índice (base: dezembro de 1993 = 100)
109,1,Brasil,30,Número-índice,0.0001557904426,1,Brasil,198812,dezembro 1988,2266,IPCA - Número-índice (base: dezembro de 1993 = 100)
110,1,Brasil,30,Número-índice,0.0002141963000,1,Brasil,198901,janeiro 1989,2266,IPCA - Número-índice (base: dezembro de 1993 = 100)
111,1,Brasil,30,Número-índice,0.0002501384201,1,Brasil,198902,fevereiro 1989,2266,IPCA - Número-índice (base: dezembro de 1993 = 100)
112,1,Brasil,30,Número-índice,0.0002671978428,1,Brasil,198903,março 1989,2266,IPCA - Número-índice (base: dezembro de 1993 = 100)
113,1,Brasil,30,Número-índice,0.0002894554586,1,Brasil,198904,abril 1989,2266,IPCA - Número-índice (base: dezembro de 1993 = 100)
114,1,Brasil,30,Número-índice,0.0003413257896,1,Brasil,198905,maio 1989,2266,IPCA - Número-índice (base: dezembro de 1993 = 100)
115,1,Brasil,30,Número-índice,0.0004391155989,1,Brasil,198906,junho 1989,2266,IPCA - Número-índice (base: dezembro de 1993 = 100)
116,1,Brasil,30,Número-índice,0.0005609261703,1,Brasil,198907,julho 1989,2266,IPCA - Número-índice (base: dezembro de 1993 = 100)
117,1,Brasil,30,Número-índice,0.0007500144816,1,Brasil,198908,agosto 1989,2266,IPCA - Número-índice (base: dezembro de 1993 = 100)
118,1,Brasil,30,Número-índice,0.0010317199110,1,Brasil,198909,setembro 1989,2266,IPCA - Número-índice (base: dezembro de 1993 = 100)
119,1,Brasil,30,Número-índice,0.0014420348808,1,Brasil,198910,outubro 1989,2266,IPCA - Número-índice (base: dezembro de 1993 = 100)
120,1,Brasil,30,Número-índice,0.0021316159803,1,Brasil,198911,novembro 1989,2266,IPCA - Número-índice (base: dezembro de 1993 = 100)
121,1,Brasil,30,Número-índice,0.0032293981927,1,Brasil,198912,dezembro 1989,2266,IPCA - Número-índice (base: dezembro de 1993 = 100)
122,1,Brasil,30,Número-índice,0.0054108567454,1,Brasil,199001,janeiro 1990,2266,IPCA - Número-índice (base: dezembro de 1993 = 100)
123,1,Brasil,30,Número-índice,0.0095084984833,1,Brasil,199002,fevereiro 1990,2266,IPCA - Número-índice (base: dezembro de 1993 = 100)
124,1,Brasil,30,Número-índice,0.0173425503510,1,Brasil,199003,março 1990,2266,IPCA - Número-índice (base: dezembro de 1993 = 100)
125,1,Brasil,30,Número-índice,0.0200341140678,1,Brasil,199004,abril 1990,2266,IPCA - Número-índice (base: dezembro de 1993 = 100)
126,1,Brasil,30,Número-índice,0.0215547032441,1,Brasil,199005,maio 1990,2266,IPCA - Número-índice (base: dezembro de 1993 = 100)
127,1,Brasil,30,Número-índice,0.0240873809519,1,Brasil,199006,junho 1990,2266,IPCA - Número-índice (base: dezembro de 1993 = 100)
128,1,Brasil,30,Número-índice,0.0271994704920,1,Brasil,199007,julho 1990,2266,IPCA - Número-índice (base: dezembro de 1993 = 100)
129,1,Brasil,30,Número-índice,0.0307027623187,1,Brasil,199008,agosto 1990,2266,IPCA - Número-índice (base: dezembro de 1993 = 100)
130,1,Brasil,30,Número-índice,0.0351270304097,1,Brasil,199009,setembro 1990,2266,IPCA - Número-índice (base: dezembro de 1993 = 100)
131,1,Brasil,30,Número-índice,0.0401712720553,1,Brasil,199010,outubro 1990,2266,IPCA - Número-índice (base: dezembro de 1993 = 100)
132,1,Brasil,30,Número-índice,0.0469240627842,1,Brasil,199011,novembro 1990,2266,IPCA - Número-índice (base: dezembro de 1993 = 100)
133,1,Brasil,30,Número-índice,0.0555768600186,1,Brasil,199012,dezembro 1990,2266,IPCA - Número-índice (base: dezembro de 1993 = 100)
134,1,Brasil,30,Número-índice,0.0671090584724,1,Brasil,199101,janeiro 1991,2266,IPCA - Número-índice (base: dezembro de 1993 = 100)
135,1,Brasil,30,Número-índice,0.0810143888491,1,Brasil,199102,fevereiro 1991,2266,IPCA - Número-índice (base: dezembro de 1993 = 100)
136,1,Brasil,30,Número-índice,0.0906736471203,1,Brasil,199103,março 1991,2266,IPCA - Número-índice (base: dezembro de 1993 = 100)
137,1,Brasil,30,Número-índice,0.0951976035258,1,Brasil,199104,abril 1991,2266,IPCA - Número-índice (base: dezembro de 1993 = 100)
138,1,Brasil,30,Número-índice,0.1022725378062,1,Brasil,199105,maio 1991,2266,IPCA - Número-índice (base: dezembro de 1993 = 100)
139,1,Brasil,30,Número-índice,0.1137158132840,1,Brasil,199106,junho 1991,2266,IPCA - Número-índice (base: dezembro de 1993 = 100)
140,1,Brasil,30,Número-índice,0.1278267780427,1,Brasil,199107,julho 1991,2266,IPCA - Número-índice (base: dezembro de 1993 = 100)
141,1,Brasil,30,Número-índice,0.1478066592194,1,Brasil,199108,agosto 1991,2266,IPCA - Número-índice (base: dezembro de 1993 = 100)
142,1,Brasil,30,Número-índice,0.1709099599291,1,Brasil,199109,setembro 1991,2266,IPCA - Número-índice (base: dezembro de 1993 = 100)
143,1,Brasil,30,Número-índice,0.2054843245466,1,Brasil,199110,outubro 1991,2266,IPCA - Número-índice (base: dezembro de 1993 = 100)
144,1,Brasil,30,Número-índice,0.2572875157699,1,Brasil,199111,novembro 1991,2266,IPCA - Número-índice (base: dezembro de 1993 = 100)
145,1,Brasil,30,Número-índice,0.3182886773263,1,Brasil,199112,dezembro 1991,2266,IPCA - Número-índice (base: dezembro de 1993 = 100)
146,1,Brasil,30,Número-índice,0.4008536605699,1,Brasil,199201,janeiro 1992,2266,IPCA - Número-índice (base: dezembro de 1993 = 100)
147,1,Brasil,30,Número-índice,0.4983410307284,1,Brasil,199202,fevereiro 1992,2266,IPCA - Número-índice (base: dezembro de 1993 = 100)
148,1,Brasil,30,Número-índice,0.6049874674181,1,Brasil,199203,março 1992,2266,IPCA - Número-índice (base: dezembro de 1993 = 100)
149,1,Brasil,30,Número-índice,0.7255614652283,1,Brasil,199204,abril 1992,2266,IPCA - Número-índice (base: dezembro de 1993 = 100)
150,1,Brasil,30,Número-índice,0.9059361644186,1,Brasil,199205,maio 1992,2266,IPCA - Número-índice (base: dezembro de 1993 = 100)
151,1,Brasil,30,Número-índice,1.0890285720637,1,Brasil,199206,junho 1992,2266,IPCA - Número-índice (base: dezembro de 1993 = 100)
152,1,Brasil,30,Número-índice,1.3267641484791,1,Brasil,199207,julho 1992,2266,IPCA - Número-índice (base: dezembro de 1993 = 100)
153,1,Brasil,30,Número-índice,1.6205100844213,1,Brasil,199208,agosto 1992,2266,IPCA - Número-índice (base: dezembro de 1993 = 100)
154,1,Brasil,30,Número-índice,2.0196408623306,1,Brasil,199209,setembro 1992,2266,IPCA - Número-índice (base: dezembro de 1993 = 100)
155,1,Brasil,30,Número-índice,2.5293973801068,1,Brasil,199210,outubro 1992,2266,IPCA - Número-índice (base: dezembro de 1993 = 100)
156,1,Brasil,30,Número-índice,3.0982598885128,1,Brasil,199211,novembro 1992,2266,IPCA - Número-índice (base: dezembro de 1993 = 100)
157,1,Brasil,30,Número-índice,3.8802596550900,1,Brasil,199212,dezembro 1992,2266,IPCA - Número-índice (base: dezembro de 1993 = 100)
158,1,Brasil,30,Número-índice,5.0579166458253,1,Brasil,199301,janeiro 1993,2266,IPCA - Número-índice (base: dezembro de 1993 = 100)
159,1,Brasil,30,Número-índice,6.3213843084293,1,Brasil,199302,fevereiro 1993,2266,IPCA - Número-índice (base: dezembro de 1993 = 100)
160,1,Brasil,30,Número-índice,8.0445948724789,1,Brasil,199303,março 1993,2266,IPCA - Número-índice (base: dezembro de 1993 = 100)
161,1,Brasil,30,Número-índice,10.2769672819025,1,Brasil,199304,abril 1993,2266,IPCA - Número-índice (base: dezembro de 1993 = 100)
162,1,Brasil,30,Número-índice,13.1226581300609,1,Brasil,199305,maio 1993,2266,IPCA - Número-índice (base: dezembro de 1993 = 100)
163,1,Brasil,30,Número-índice,17.0686429798089,1,Brasil,199306,junho 1993,2266,IPCA - Número-índice (base: dezembro de 1993 = 100)
164,1,Brasil,30,Número-índice,22.3121307612362,1,Brasil,199307,julho 1993,2266,IPCA - Número-índice (base: dezembro de 1993 = 100)
165,1,Brasil,30,Número-índice,29.6662109364145,1,Brasil,199308,agosto 1993,2266,IPCA - Número-índice (base: dezembro de 1993 = 100)
166,1,Brasil,30,Número-índice,40.2540807309468,1,Brasil,199309,setembro 1993,2266,IPCA - Número-índice (base: dezembro de 1993 = 100)
167,1,Brasil,30,Número-índice,53.9082648348533,1,Brasil,199310,outubro 1993,2266,IPCA - Número-índice (base: dezembro de 1993 = 100)
168,1,Brasil,30,Número-índice,73.0780465845240,1,Brasil,199311,novembro 1993,2266,IPCA - Número-índice (base: dezembro de 1993 = 100)
169,1,Brasil,30,Número-índice,100.0000000000000,1,Brasil,199312,dezembro 1993,2266,IPCA - Número-índice (base: dezembro de 1993 = 100)
170,1,Brasil,30,Número-índice,141.3100000000000,1,Brasil,199401,janeiro 1994,2266,IPCA - Número-índice (base: dezembro de 1993 = 100)
171,1,Brasil,30,Número-índice,198.2200000000000,1,Brasil,199402,fevereiro 1994,2266,IPCA - Número-índice (base: dezembro de 1993 = 100)
172,1,Brasil,30,Número-índice,282.9600000000000,1,Brasil,199403,março 1994,2266,IPCA - Número-índice (base: dezembro de 1993 = 100)
173,1,Brasil,30,Número-índice,403.7300000000000,1,Brasil,199404,abril 1994,2266,IPCA - Número-índice (base: dezembro de 1993 = 100)
174,1,Brasil,30,Número-índice,581.4900000000000,1,Brasil,199405,maio 1994,2266,IPCA - Número-índice (base: dezembro de 1993 = 100)
175,1,Brasil,30,Número-índice,857.2900000000000,1,Brasil,199406,junho 1994,2266,IPCA - Número-índice (base: dezembro de 1993 = 100)
176,1,Brasil,30,Número-índice,915.9300000000000,1,Brasil,199407,julho 1994,2266,IPCA - Número-índice (base: dezembro de 1993 = 100)
177,1,Brasil,30,Número-índice,932.9700000000000,1,Brasil,199408,agosto 1994,2266,IPCA - Número-índice (base: dezembro de 1993 = 100)
178,1,Brasil,30,Número-índice,947.2400000000000,1,Brasil,199409,setembro 1994,2266,IPCA - Número-índice (base: dezembro de 1993 = 100)
179,1,Brasil,30,Número-índice,972.0600000000000,1,Brasil,199410,outubro 1994,2266,IPCA - Número-índice (base: dezembro de 1993 = 100)
180,1,Brasil,30,Número-índice,999.3700000000000,1,Brasil,199411,novembro 1994,2266,IPCA - Número-índice (base: dezembro de 1993 = 100)
181,1,Brasil,30,Número-índice,1016.4600000000000,1,Brasil,199412,dezembro 1994,2266,IPCA - Número-índice (base: dezembro de 1993 = 100)
182,1,Brasil,30,Número-índice,1033.7400000000000,1,Brasil,199501,janeiro 1995,2266,IPCA - Número-índice (base: dezembro de 1993 = 100)
183,1,Brasil,30,Número-índice,1044.2800000000000,1,Brasil,199502,fevereiro 1995,2266,IPCA - Número-índice (base: dezembro de 1993 = 100)
184,1,Brasil,30,Número-índice,1060.4700000000000,1,Brasil,199503,março 1995,2266,IPCA - Número-índice (base: dezembro de 1993 = 100)
185,1,Brasil,30,Número-índice,1086.2400000000000,1,Brasil,199504,abril 1995,2266,IPCA - Número-índice (base: dezembro de 1993 = 100)
186,1,Brasil,30,Número-índice,1115.2400000000000,1,Brasil,199505,maio 1995,2266,IPCA - Número-índice (base: dezembro de 1993 = 100)
187,1,Brasil,30,Número-índice,1140.4400000000000,1,Brasil,199506,junho 1995,2266,IPCA - Número-índice (base: dezembro de 1993 = 100)
188,1,Brasil,30,Número-índice,1167.3500000000000,1,Brasil,199507,julho 1995,2266,IPCA - Número-índice (base: dezembro de 1993 = 100)
189,1,Brasil,30,Número-índice,1178.9100000000000,1,Brasil,199508,agosto 1995,2266,IPCA - Número-índice (base: dezembro de 1993 = 100)
190,1,Brasil,30,Número-índice,1190.5800000000000,1,Brasil,199509,setembro 1995,2266,IPCA - Número-índice (base: dezembro de 1993 = 100)
191,1,Brasil,30,Número-índice,1207.3700000000000,1,Brasil,199510,outubro 1995,2266,IPCA - Número-índice (base: dezembro de 1993 = 100)
192,1,Brasil,30,Número-índice,1225.1200000000000,1,Brasil,199511,novembro 1995,2266,IPCA - Número-índice (base: dezembro de 1993 = 100)
193,1,Brasil,30,Número-índice,1244.2300000000000,1,Brasil,199512,dezembro 1995,2266,IPCA - Número-índice (base: dezembro de 1993 = 100)
194,1,Brasil,30,Número-índice,1260.9000000000000,1,Brasil,199601,janeiro 1996,2266,IPCA - Número-índice (base: dezembro de 1993 = 100)
195,1,Brasil,30,Número-índice,1273.8900000000000,1,Brasil,199602,fevereiro 1996,2266,IPCA - Número-índice (base: dezembro de 1993 = 100)
196,1,Brasil,30,Número-índice,1278.3500000000000,1,Brasil,199603,março 1996,2266,IPCA - Número-índice (base: dezembro de 1993 = 100)
197,1,Brasil,30,Número-índice,1294.4600000000000,1,Brasil,199604,abril 1996,2266,IPCA - Número-índice (base: dezembro de 1993 = 100)
198,1,Brasil,30,Número-índice,1310.2500000000000,1,Brasil,199605,maio 1996,2266,IPCA - Número-índice (base: dezembro de 1993 = 100)
199,1,Brasil,30,Número-índice,1325.8400000000000,1,Brasil,199606,junho 1996,2266,IPCA - Número-índice (base: dezembro de 1993 = 100)
200,1,Brasil,30,Número-índice,1340.5600000000000,1,Brasil,199607,julho 1996,2266,IPCA - Número-índice (base: dezembro de 1993 = 100)
201,1,Brasil,30,Número-índice,1346.4600000000000,1,Brasil,199608,agosto 1996,2266,IPCA - Número-índice (base: dezembro de 1993 = 100)
202,1,Brasil,30,Número-índice,1348.4800000000000,1,Brasil,199609,setembro 1996,2266,IPCA - Número-índice (base: dezembro de 1993 = 100)
203,1,Brasil,30,Número-índice,1352.5300000000000,1,Brasil,199610,outubro 1996,2266,IPCA - Número-índice (base: dezembro de 1993 = 100)
204,1,Brasil,30,Número-índice,1356.8600000000000,1,Brasil,199611,novembro 1996,2266,IPCA - Número-índice (base: dezembro de 1993 = 100)
205,1,Brasil,30,Número-índice,1363.2400000000000,1,Brasil,199612,dezembro 1996,2266,IPCA - Número-índice (base: dezembro de 1993 = 100)
206,1,Brasil,30,Número-índice,1379.3300000000000,1,Brasil,199701,janeiro 1997,2266,IPCA - Número-índice (base: dezembro de 1993 = 100)
207,1,Brasil,30,Número-índice,1386.2300000000000,1,Brasil,199702,fevereiro 1997,2266,IPCA - Número-índice (base: dezembro de 1993 = 100)
208,1,Brasil,30,Número-índice,1393.3000000000000,1,Brasil,199703,março 1997,2266,IPCA - Número-índice (base: dezembro de 1993 = 100)
209,1,Brasil,30,Número-índice,1405.5600000000000,1,Brasil,199704,abril 1997,2266,IPCA - Número-índice (base: dezembro de 1993 = 100)
210,1,Brasil,30,Número-índice,1411.3200000000000,1,Brasil,199705,maio 1997,2266,IPCA - Número-índice (base: dezembro de 1993 = 100)
211,1,Brasil,30,Número-índice,1418.9400000000000,1,Brasil,199706,junho 1997,2266,IPCA - Número-índice (base: dezembro de 1993 = 100)
212,1,Brasil,30,Número-índice,1422.0600000000000,1,Brasil,199707,julho 1997,2266,IPCA - Número-índice (base: dezembro de 1993 = 100)
213,1,Brasil,30,Número-índice,1421.7800000000000,1,Brasil,199708,agosto 1997,2266,IPCA - Número-índice (base: dezembro de 1993 = 100)
214,1,Brasil,30,Número-índice,1422.6300000000000,1,Brasil,199709,setembro 1997,2266,IPCA - Número-índice (base: dezembro de 1993 = 100)
215,1,Brasil,30,Número-índice,1425.9000000000000,1,Brasil,199710,outubro 1997,2266,IPCA - Número-índice (base: dezembro de 1993 = 100)
216,1,Brasil,30,Número-índice,1428.3200000000000,1,Brasil,199711,novembro 1997,2266,IPCA - Número-índice (base: dezembro de 1993 = 100)
217,1,Brasil,30,Número-índice,1434.4600000000000,1,Brasil,199712,dezembro 1997,2266,IPCA - Número-índice (base: dezembro de 1993 = 100)
218,1,Brasil,30,Número-índice,1444.6400000000000,1,Brasil,199801,janeiro 1998,2266,IPCA - Número-índice (base: dezembro de 1993 = 100)
219,1,Brasil,30,Número-índice,1451.2900000000000,1,Brasil,199802,fevereiro 1998,2266,IPCA - Número-índice (base: dezembro de 1993 = 100)
220,1,Brasil,30,Número-índice,1456.2200000000000,1,Brasil,199803,março 1998,2266,IPCA - Número-índice (base: dezembro de 1993 = 100)
221,1,Brasil,30,Número-índice,1459.7100000000000,1,Brasil,199804,abril 1998,2266,IPCA - Número-índice (base: dezembro de 1993 = 100)
222,1,Brasil,30,Número-índice,1467.0100000000000,1,Brasil,199805,maio 1998,2266,IPCA - Número-índice (base: dezembro de 1993 = 100)
223,1,Brasil,30,Número-índice,1467.3000000000000,1,Brasil,199806,junho 1998,2266,IPCA - Número-índice (base: dezembro de 1993 = 100)
224,1,Brasil,30,Número-índice,1465.5400000000000,1,Brasil,199807,julho 1998,2266,IPCA - Número-índice (base: dezembro de 1993 = 100)
225,1,Brasil,30,Número-índice,1458.0700000000000,1,Brasil,199808,agosto 1998,2266,IPCA - Número-índice (base: dezembro de 1993 = 100)
226,1,Brasil,30,Número-índice,1454.8600000000000,1,Brasil,199809,setembro 1998,2266,IPCA - Número-índice (base: dezembro de 1993 = 100)
227,1,Brasil,30,Número-índice,1455.1500000000000,1,Brasil,199810,outubro 1998,2266,IPCA - Número-índice (base: dezembro de 1993 = 100)
228,1,Brasil,30,Número-índice,1453.4000000000000,1,Brasil,199811,novembro 1998,2266,IPCA - Número-índice (base: dezembro de 1993 = 100)
229,1,Brasil,30,Número-índice,1458.2000000000000,1,Brasil,199812,dezembro 1998,2266,IPCA - Número-índice (base: dezembro de 1993 = 100)
230,1,Brasil,30,Número-índice,1468.4100000000000,1,Brasil,199901,janeiro 1999,2266,IPCA - Número-índice (base: dezembro de 1993 = 100)
231,1,Brasil,30,Número-índice,1483.8300000000000,1,Brasil,199902,fevereiro 1999,2266,IPCA - Número-índice (base: dezembro de 1993 = 100)
232,1,Brasil,30,Número-índice,1500.1500000000000,1,Brasil,199903,março 1999,2266,IPCA - Número-índice (base: dezembro de 1993 = 100)
233,1,Brasil,30,Número-índice,1508.5500000000000,1,Brasil,199904,abril 1999,2266,IPCA - Número-índice (base: dezembro de 1993 = 100)
234,1,Brasil,30,Número-índice,1513.0800000000000,1,Brasil,199905,maio 1999,2266,IPCA - Número-índice (base: dezembro de 1993 = 100)
235,1,Brasil,30,Número-índice,1515.9500000000000,1,Brasil,199906,junho 1999,2266,IPCA - Número-índice (base: dezembro de 1993 = 100)
236,1,Brasil,30,Número-índice,1532.4700000000000,1,Brasil,199907,julho 1999,2266,IPCA - Número-índice (base: dezembro de 1993 = 100)
237,1,Brasil,30,Número-índice,1541.0500000000000,1,Brasil,199908,agosto 1999,2266,IPCA - Número-índice (base: dezembro de 1993 = 100)
238,1,Brasil,30,Número-índice,1545.8300000000000,1,Brasil,199909,setembro 1999,2266,IPCA - Número-índice (base: dezembro de 1993 = 100)
239,1,Brasil,30,Número-índice,1564.2300000000000,1,Brasil,199910,outubro 1999,2266,IPCA - Número-índice (base: dezembro de 1993 = 100)
240,1,Brasil,30,Número-índice,1579.0900000000000,1,Brasil,199911,novembro 1999,2266,IPCA - Número-índice (base: dezembro de 1993 = 100)
241,1,Brasil,30,Número-índice,1588.5600000000000,1,Brasil,199912,dezembro 1999,2266,IPCA - Número-índice (base: dezembro de 1993 = 100)
242,1,Brasil,30,Número-índice,1598.4100000000000,1,Brasil,200001,janeiro 2000,2266,IPCA - Número-índice (base: dezembro de 1993 = 100)
243,1,Brasil,30,Número-índice,1600.4900000000000,1,Brasil,200002,fevereiro 2000,2266,IPCA - Número-índice (base: dezembro de 1993 = 100)
244,1,Brasil,30,Número-índice,1604.0100000000000,1,Brasil,200003,março 2000,2266,IPCA - Número-índice (base: dezembro de 1993 = 100)
245,1,Brasil,30,Número-índice,1610.7500000000000,1,Brasil,200004,abril 2000,2266,IPCA - Número-índice (base: dezembro de 1993 = 100)
246,1,Brasil,30,Número-índice,1610.9100000000000,1,Brasil,200005,maio 2000,2266,IPCA - Número-índice (base: dezembro de 1993 = 100)
247,1,Brasil,30,Número-índice,1614.6200000000000,1,Brasil,200006,junho 2000,2266,IPCA - Número-índice (base: dezembro de 1993 = 100)
248,1,Brasil,30,Número-índice,1640.6200000000000,1,Brasil,200007,julho 2000,2266,IPCA - Número-índice (base: dezembro de 1993 = 100)
249,1,Brasil,30,Número-índice,1662.1100000000000,1,Brasil,200008,agosto 2000,2266,IPCA - Número-índice (base: dezembro de 1993 = 100)
250,1,Brasil,30,Número-índice,1665.9300000000000,1,Brasil,200009,setembro 2000,2266,IPCA - Número-índice (base: dezembro de 1993 = 100)
251,1,Brasil,30,Número-índice,1668.2600000000000,1,Brasil,200010,outubro 2000,2266,IPCA - Número-índice (base: dezembro de 1993 = 100)
252,1,Brasil,30,Número-índice,1673.6000000000000,1,Brasil,200011,novembro 2000,2266,IPCA - Número-índice (base: dezembro de 1993 = 100)
253,1,Brasil,30,Número-índice,1683.4700000000000,1,Brasil,200012,dezembro 2000,2266,IPCA - Número-índice (base: dezembro de 1993 = 100)
254,1,Brasil,30,Número-índice,1693.0700000000000,1,Brasil,200101,janeiro 2001,2266,IPCA - Número-índice (base: dezembro de 1993 = 100)
255,1,Brasil,30,Número-índice,1700.8600000000000,1,Brasil,200102,fevereiro 2001,2266,IPCA - Número-índice (base: dezembro de 1993 = 100)
256,1,Brasil,30,Número-índice,1707.3200000000000,1,Brasil,200103,março 2001,2266,IPCA - Número-índice (base: dezembro de 1993 = 100)
257,1,Brasil,30,Número-índice,1717.2200000000000,1,Brasil,200104,abril 2001,2266,IPCA - Número-índice (base: dezembro de 1993 = 100)
258,1,Brasil,30,Número-índice,1724.2600000000000,1,Brasil,200105,maio 2001,2266,IPCA - Número-índice (base: dezembro de 1993 = 100)
259,1,Brasil,30,Número-índice,1733.2300000000000,1,Brasil,200106,junho 2001,2266,IPCA - Número-índice (base: dezembro de 1993 = 100)
260,1,Brasil,30,Número-índice,1756.2800000000000,1,Brasil,200107,julho 2001,2266,IPCA - Número-índice (base: dezembro de 1993 = 100)
261,1,Brasil,30,Número-índice,1768.5700000000000,1,Brasil,200108,agosto 2001,2266,IPCA - Número-índice (base: dezembro de 1993 = 100)
262,1,Brasil,30,Número-índice,1773.5200000000000,1,Brasil,200109,setembro 2001,2266,IPCA - Número-índice (base: dezembro de 1993 = 100)
263,1,Brasil,30,Número-índice,1788.2400000000000,1,Brasil,200110,outubro 2001,2266,IPCA - Número-índice (base: dezembro de 1993 = 100)
264,1,Brasil,30,Número-índice,1800.9400000000000,1,Brasil,200111,novembro 2001,2266,IPCA - Número-índice (base: dezembro de 1993 = 100)
265,1,Brasil,30,Número-índice,1812.6500000000000,1,Brasil,200112,dezembro 2001,2266,IPCA - Número-índice (base: dezembro de 1993 = 100)
266,1,Brasil,30,Número-índice,1822.0800000000000,1,Brasil,200201,janeiro 2002,2266,IPCA - Número-índice (base: dezembro de 1993 = 100)
267,1,Brasil,30,Número-índice,1828.6400000000000,1,Brasil,200202,fevereiro 2002,2266,IPCA - Número-índice (base: dezembro de 1993 = 100)
268,1,Brasil,30,Número-índice,1839.6100000000000,1,Brasil,200203,março 2002,2266,IPCA - Número-índice (base: dezembro de 1993 = 100)
269,1,Brasil,30,Número-índice,1854.3300000000000,1,Brasil,200204,abril 2002,2266,IPCA - Número-índice (base: dezembro de 1993 = 100)
270,1,Brasil,30,Número-índice,1858.2200000000000,1,Brasil,200205,maio 2002,2266,IPCA - Número-índice (base: dezembro de 1993 = 100)
271,1,Brasil,30,Número-índice,1866.0200000000000,1,Brasil,200206,junho 2002,2266,IPCA - Número-índice (base: dezembro de 1993 = 100)
272,1,Brasil,30,Número-índice,1888.2300000000000,1,Brasil,200207,julho 2002,2266,IPCA - Número-índice (base: dezembro de 1993 = 100)
273,1,Brasil,30,Número-índice,1900.5000000000000,1,Brasil,200208,agosto 2002,2266,IPCA - Número-índice (base: dezembro de 1993 = 100)
274,1,Brasil,30,Número-índice,1914.1800000000000,1,Brasil,200209,setembro 2002,2266,IPCA - Número-índice (base: dezembro de 1993 = 100)
275,1,Brasil,30,Número-índice,1939.2600000000000,1,Brasil,200210,outubro 2002,2266,IPCA - Número-índice (base: dezembro de 1993 = 100)
276,1,Brasil,30,Número-índice,1997.8300000000000,1,Brasil,200211,novembro 2002,2266,IPCA - Número-índice (base: dezembro de 1993 = 100)
277,1,Brasil,30,Número-índice,2039.7800000000000,1,Brasil,200212,dezembro 2002,2266,IPCA - Número-índice (base: dezembro de 1993 = 100)
278,1,Brasil,30,Número-índice,2085.6800000000000,1,Brasil,200301,janeiro 2003,2266,IPCA - Número-índice (base: dezembro de 1993 = 100)
279,1,Brasil,30,Número-índice,2118.4300000000000,1,Brasil,200302,fevereiro 2003,2266,IPCA - Número-índice (base: dezembro de 1993 = 100)
280,1,Brasil,30,Número-índice,2144.4900000000000,1,Brasil,200303,março 2003,2266,IPCA - Número-índice (base: dezembro de 1993 = 100)
281,1,Brasil,30,Número-índice,2165.2900000000000,1,Brasil,200304,abril 2003,2266,IPCA - Número-índice (base: dezembro de 1993 = 100)
282,1,Brasil,30,Número-índice,2178.5000000000000,1,Brasil,200305,maio 2003,2266,IPCA - Número-índice (base: dezembro de 1993 = 100)
283,1,Brasil,30,Número-índice,2175.2300000000000,1,Brasil,200306,junho 2003,2266,IPCA - Número-índice (base: dezembro de 1993 = 100)
284,1,Brasil,30,Número-índice,2179.5800000000000,1,Brasil,200307,julho 2003,2266,IPCA - Número-índice (base: dezembro de 1993 = 100)
285,1,Brasil,30,Número-índice,2186.9900000000000,1,Brasil,200308,agosto 2003,2266,IPCA - Número-índice (base: dezembro de 1993 = 100)
286,1,Brasil,30,Número-índice,2204.0500000000000,1,Brasil,200309,setembro 2003,2266,IPCA - Número-índice (base: dezembro de 1993 = 100)
287,1,Brasil,30,Número-índice,2210.4400000000000,1,Brasil,200310,outubro 2003,2266,IPCA - Número-índice (base: dezembro de 1993 = 100)
288,1,Brasil,30,Número-índice,2217.9600000000000,1,Brasil,200311,novembro 2003,2266,IPCA - Número-índice (base: dezembro de 1993 = 100)
289,1,Brasil,30,Número-índice,2229.4900000000000,1,Brasil,200312,dezembro 2003,2266,IPCA - Número-índice (base: dezembro de 1993 = 100)
290,1,Brasil,30,Número-índice,2246.4300000000000,1,Brasil,200401,janeiro 2004,2266,IPCA - Número-índice (base: dezembro de 1993 = 100)
291,1,Brasil,30,Número-índice,2260.1300000000000,1,Brasil,200402,fevereiro 2004,2266,IPCA - Número-índice (base: dezembro de 1993 = 100)
292,1,Brasil,30,Número-índice,2270.7500000000000,1,Brasil,200403,março 2004,2266,IPCA - Número-índice (base: dezembro de 1993 = 100)
293,1,Brasil,30,Número-índice,2279.1500000000000,1,Brasil,200404,abril 2004,2266,IPCA - Número-índice (base: dezembro de 1993 = 100)
294,1,Brasil,30,Número-índice,2290.7700000000000,1,Brasil,200405,maio 2004,2266,IPCA - Número-índice (base: dezembro de 1993 = 100)
295,1,Brasil,30,Número-índice,2307.0300000000000,1,Brasil,200406,junho 2004,2266,IPCA - Número-índice (base: dezembro de 1993 = 100)
296,1,Brasil,30,Número-índice,2328.0200000000000,1,Brasil,200407,julho 2004,2266,IPCA - Número-índice (base: dezembro de 1993 = 100)
297,1,Brasil,30,Número-índice,2344.0800000000000,1,Brasil,200408,agosto 2004,2266,IPCA - Número-índice (base: dezembro de 1993 = 100)
298,1,Brasil,30,Número-índice,2351.8200000000000,1,Brasil,200409,setembro 2004,2266,IPCA - Número-índice (base: dezembro de 1993 = 100)
299,1,Brasil,30,Número-índice,2362.1700000000000,1,Brasil,200410,outubro 2004,2266,IPCA - Número-índice (base: dezembro de 1993 = 100)
300,1,Brasil,30,Número-índice,2378.4700000000000,1,Brasil,200411,novembro 2004,2266,IPCA - Número-índice (base: dezembro de 1993 = 100)
301,1,Brasil,30,Número-índice,2398.9200000000000,1,Brasil,200412,dezembro 2004,2266,IPCA - Número-índice (base: dezembro de 1993 = 100)
302,1,Brasil,30,Número-índice,2412.8300000000000,1,Brasil,200501,janeiro 2005,2266,IPCA - Número-índice (base: dezembro de 1993 = 100)
303,1,Brasil,30,Número-índice,2427.0700000000000,1,Brasil,200502,fevereiro 2005,2266,IPCA - Número-índice (base: dezembro de 1993 = 100)
304,1,Brasil,30,Número-índice,2441.8700000000000,1,Brasil,200503,março 2005,2266,IPCA - Número-índice (base: dezembro de 1993 = 100)
305,1,Brasil,30,Número-índice,2463.1100000000000,1,Brasil,200504,abril 2005,2266,IPCA - Número-índice (base: dezembro de 1993 = 100)
306,1,Brasil,30,Número-índice,2475.1800000000000,1,Brasil,200505,maio 2005,2266,IPCA - Número-índice (base: dezembro de 1993 = 100)
307,1,Brasil,30,Número-índice,2474.6800000000000,1,Brasil,200506,junho 2005,2266,IPCA - Número-índice (base: dezembro de 1993 = 100)
308,1,Brasil,30,Número-índice,2480.8700000000000,1,Brasil,200507,julho 2005,2266,IPCA - Número-índice (base: dezembro de 1993 = 100)
309,1,Brasil,30,Número-índice,2485.0900000000000,1,Brasil,200508,agosto 2005,2266,IPCA - Número-índice (base: dezembro de 1993 = 100)
310,1,Brasil,30,Número-índice,2493.7900000000000,1,Brasil,200509,setembro 2005,2266,IPCA - Número-índice (base: dezembro de 1993 = 100)
311,1,Brasil,30,Número-índice,2512.4900000000000,1,Brasil,200510,outubro 2005,2266,IPCA - Número-índice (base: dezembro de 1993 = 100)
312,1,Brasil,30,Número-índice,2526.3100000000000,1,Brasil,200511,novembro 2005,2266,IPCA - Número-índice (base: dezembro de 1993 = 100)
313,1,Brasil,30,Número-índice,2535.4000000000000,1,Brasil,200512,dezembro 2005,2266,IPCA - Número-índice (base: dezembro de 1993 = 100)
314,1,Brasil,30,Número-índice,2550.3600000000000,1,Brasil,200601,janeiro 2006,2266,IPCA - Número-índice (base: dezembro de 1993 = 100)
315,1,Brasil,30,Número-índice,2560.8200000000000,1,Brasil,200602,fevereiro 2006,2266,IPCA - Número-índice (base: dezembro de 1993 = 100)
316,1,Brasil,30,Número-índice,2571.8300000000000,1,Brasil,200603,março 2006,2266,IPCA - Número-índice (base: dezembro de 1993 = 100)
317,1,Brasil,30,Número-índice,2577.2300000000000,1,Brasil,200604,abril 2006,2266,IPCA - Número-índice (base: dezembro de 1993 = 100)
318,1,Brasil,30,Número-índice,2579.8100000000000,1,Brasil,200605,maio 2006,2266,IPCA - Número-índice (base: dezembro de 1993 = 100)
319,1,Brasil,30,Número-índice,2574.3900000000000,1,Brasil,200606,junho 2006,2266,IPCA - Número-índice (base: dezembro de 1993 = 100)
320,1,Brasil,30,Número-índice,2579.2800000000000,1,Brasil,200607,julho 2006,2266,IPCA - Número-índice (base: dezembro de 1993 = 100)
321,1,Brasil,30,Número-índice,2580.5700000000000,1,Brasil,200608,agosto 2006,2266,IPCA - Número-índice (base: dezembro de 1993 = 100)
322,1,Brasil,30,Número-índice,2585.9900000000000,1,Brasil,200609,setembro 2006,2266,IPCA - Número-índice (base: dezembro de 1993 = 100)
323,1,Brasil,30,Número-índice,2594.5200000000000,1,Brasil,200610,outubro 2006,2266,IPCA - Número-índice (base: dezembro de 1993 = 100)
324,1,Brasil,30,Número-índice,2602.5600000000000,1,Brasil,200611,novembro 2006,2266,IPCA - Número-índice (base: dezembro de 1993 = 100)
325,1,Brasil,30,Número-índice,2615.0500000000000,1,Brasil,200612,dezembro 2006,2266,IPCA - Número-índice (base: dezembro de 1993 = 100)
326,1,Brasil,30,Número-índice,2626.5600000000000,1,Brasil,200701,janeiro 2007,2266,IPCA - Número-índice (base: dezembro de 1993 = 100)
327,1,Brasil,30,Número-índice,2638.1200000000000,1,Brasil,200702,fevereiro 2007,2266,IPCA - Número-índice (base: dezembro de 1993 = 100)
328,1,Brasil,30,Número-índice,2647.8800000000000,1,Brasil,200703,março 2007,2266,IPCA - Número-índice (base: dezembro de 1993 = 100)
329,1,Brasil,30,Número-índice,2654.5000000000000,1,Brasil,200704,abril 2007,2266,IPCA - Número-índice (base: dezembro de 1993 = 100)
330,1,Brasil,30,Número-índice,2661.9300000000000,1,Brasil,200705,maio 2007,2266,IPCA - Número-índice (base: dezembro de 1993 = 100)
331,1,Brasil,30,Número-índice,2669.3800000000000,1,Brasil,200706,junho 2007,2266,IPCA - Número-índice (base: dezembro de 1993 = 100)
332,1,Brasil,30,Número-índice,2675.7900000000000,1,Brasil,200707,julho 2007,2266,IPCA - Número-índice (base: dezembro de 1993 = 100)
333,1,Brasil,30,Número-índice,2688.3700000000000,1,Brasil,200708,agosto 2007,2266,IPCA - Número-índice (base: dezembro de 1993 = 100)
334,1,Brasil,30,Número-índice,2693.2100000000000,1,Brasil,200709,setembro 2007,2266,IPCA - Número-índice (base: dezembro de 1993 = 100)
335,1,Brasil,30,Número-índice,2701.2900000000000,1,Brasil,200710,outubro 2007,2266,IPCA - Número-índice (base: dezembro de 1993 = 100)
336,1,Brasil,30,Número-índice,2711.5500000000000,1,Brasil,200711,novembro 2007,2266,IPCA - Número-índice (base: dezembro de 1993 = 100)
337,1,Brasil,30,Número-índice,2731.6200000000000,1,Brasil,200712,dezembro 2007,2266,IPCA - Número-índice (base: dezembro de 1993 = 100)
338,1,Brasil,30,Número-índice,2746.3700000000000,1,Brasil,200801,janeiro 2008,2266,IPCA - Número-índice (base: dezembro de 1993 = 100)
339,1,Brasil,30,Número-índice,2759.8300000000000,1,Brasil,200802,fevereiro 2008,2266,IPCA - Número-índice (base: dezembro de 1993 = 100)
340,1,Brasil,30,Número-índice,2773.0800000000000,1,Brasil,200803,março 2008,2266,IPCA - Número-índice (base: dezembro de 1993 = 100)
341,1,Brasil,30,Número-índice,2788.3300000000000,1,Brasil,200804,abril 2008,2266,IPCA - Número-índice (base: dezembro de 1993 = 100)
342,1,Brasil,30,Número-índice,2810.3600000000000,1,Brasil,200805,maio 2008,2266,IPCA - Número-índice (base: dezembro de 1993 = 100)
343,1,Brasil,30,Número-índice,2831.1600000000000,1,Brasil,200806,junho 2008,2266,IPCA - Número-índice (base: dezembro de 1993 = 100)
344,1,Brasil,30,Número-índice,2846.1600000000000,1,Brasil,200807,julho 2008,2266,IPCA - Número-índice (base: dezembro de 1993 = 100)
345,1,Brasil,30,Número-índice,2854.1300000000000,1,Brasil,200808,agosto 2008,2266,IPCA - Número-índice (base: dezembro de 1993 = 100)
346,1,Brasil,30,Número-índice,2861.5500000000000,1,Brasil,200809,setembro 2008,2266,IPCA - Número-índice (base: dezembro de 1993 = 100)
347,1,Brasil,30,Número-índice,2874.4300000000000,1,Brasil,200810,outubro 2008,2266,IPCA - Número-índice (base: dezembro de 1993 = 100)
348,1,Brasil,30,Número-índice,2884.7800000000000,1,Brasil,200811,novembro 2008,2266,IPCA - Número-índice (base: dezembro de 1993 = 100)
349,1,Brasil,30,Número-índice,2892.8600000000000,1,Brasil,200812,dezembro 2008,2266,IPCA - Número-índice (base: dezembro de 1993 = 100)
350,1,Brasil,30,Número-índice,2906.7400000000000,1,Brasil,200901,janeiro 2009,2266,IPCA - Número-índice (base: dezembro de 1993 = 100)
351,1,Brasil,30,Número-índice,2922.7300000000000,1,Brasil,200902,fevereiro 2009,2266,IPCA - Número-índice (base: dezembro de 1993 = 100)
352,1,Brasil,30,Número-índice,2928.5700000000000,1,Brasil,200903,março 2009,2266,IPCA - Número-índice (base: dezembro de 1993 = 100)
353,1,Brasil,30,Número-índice,2942.6300000000000,1,Brasil,200904,abril 2009,2266,IPCA - Número-índice (base: dezembro de 1993 = 100)
354,1,Brasil,30,Número-índice,2956.4600000000000,1,Brasil,200905,maio 2009,2266,IPCA - Número-índice (base: dezembro de 1993 = 100)
355,1,Brasil,30,Número-índice,2967.1000000000000,1,Brasil,200906,junho 2009,2266,IPCA - Número-índice (base: dezembro de 1993 = 100)
356,1,Brasil,30,Número-índice,2974.2200000000000,1,Brasil,200907,julho 2009,2266,IPCA - Número-índice (base: dezembro de 1993 = 100)
357,1,Brasil,30,Número-índice,2978.6800000000000,1,Brasil,200908,agosto 2009,2266,IPCA - Número-índice (base: dezembro de 1993 = 100)
358,1,Brasil,30,Número-índice,2985.8300000000000,1,Brasil,200909,setembro 2009,2266,IPCA - Número-índice (base: dezembro de 1993 = 100)
359,1,Brasil,30,Número-índice,2994.1900000000000,1,Brasil,200910,outubro 2009,2266,IPCA - Número-índice (base: dezembro de 1993 = 100)
360,1,Brasil,30,Número-índice,3006.4700000000000,1,Brasil,200911,novembro 2009,2266,IPCA - Número-índice (base: dezembro de 1993 = 100)
361,1,Brasil,30,Número-índice,3017.5900000000000,1,Brasil,200912,dezembro 2009,2266,IPCA - Número-índice (base: dezembro de 1993 = 100)
362,1,Brasil,30,Número-índice,3040.2200000000000,1,Brasil,201001,janeiro 2010,2266,IPCA - Número-índice (base: dezembro de 1993 = 100)
363,1,Brasil,30,Número-índice,3063.9300000000000,1,Brasil,201002,fevereiro 2010,2266,IPCA - Número-índice (base: dezembro de 1993 = 100)
364,1,Brasil,30,Número-índice,3079.8600000000000,1,Brasil,201003,março 2010,2266,IPCA - Número-índice (base: dezembro de 1993 = 100)
365,1,Brasil,30,Número-índice,3097.4200000000000,1,Brasil,201004,abril 2010,2266,IPCA - Número-índice (base: dezembro de 1993 = 100)
366,1,Brasil,30,Número-índice,3110.7400000000000,1,Brasil,201005,maio 2010,2266,IPCA - Número-índice (base: dezembro de 1993 = 100)
367,1,Brasil,30,Número-índice,3110.7400000000000,1,Brasil,201006,junho 2010,2266,IPCA - Número-índice (base: dezembro de 1993 = 100)
368,1,Brasil,30,Número-índice,3111.0500000000000,1,Brasil,201007,julho 2010,2266,IPCA - Número-índice (base: dezembro de 1993 = 100)
369,1,Brasil,30,Número-índice,3112.2900000000000,1,Brasil,201008,agosto 2010,2266,IPCA - Número-índice (base: dezembro de 1993 = 100)
370,1,Brasil,30,Número-índice,3126.2900000000000,1,Brasil,201009,setembro 2010,2266,IPCA - Número-índice (base: dezembro de 1993 = 100)
371,1,Brasil,30,Número-índice,3149.7400000000000,1,Brasil,201010,outubro 2010,2266,IPCA - Número-índice (base: dezembro de 1993 = 100)
372,1,Brasil,30,Número-índice,3175.8800000000000,1,Brasil,201011,novembro 2010,2266,IPCA - Número-índice (base: dezembro de 1993 = 100)
373,1,Brasil,30,Número-índice,3195.8900000000000,1,Brasil,201012,dezembro 2010,2266,IPCA - Número-índice (base: dezembro de 1993 = 100)
374,1,Brasil,30,Número-índice,3222.4200000000000,1,Brasil,201101,janeiro 2011,2266,IPCA - Número-índice (base: dezembro de 1993 = 100)
375,1,Brasil,30,Número-índice,3248.2000000000000,1,Brasil,201102,fevereiro 2011,2266,IPCA - Número-índice (base: dezembro de 1993 = 100)
376,1,Brasil,30,Número-índice,3273.8600000000000,1,Brasil,201103,março 2011,2266,IPCA - Número-índice (base: dezembro de 1993 = 100)
377,1,Brasil,30,Número-índice,3299.0700000000000,1,Brasil,201104,abril 2011,2266,IPCA - Número-índice (base: dezembro de 1993 = 100)
378,1,Brasil,30,Número-índice,3314.5800000000000,1,Brasil,201105,maio 2011,2266,IPCA - Número-índice (base: dezembro de 1993 = 100)
379,1,Brasil,30,Número-índice,3319.5500000000000,1,Brasil,201106,junho 2011,2266,IPCA - Número-índice (base: dezembro de 1993 = 100)
380,1,Brasil,30,Número-índice,3324.8600000000000,1,Brasil,201107,julho 2011,2266,IPCA - Número-índice (base: dezembro de 1993 = 100)
381,1,Brasil,30,Número-índice,3337.1600000000000,1,Brasil,201108,agosto 2011,2266,IPCA - Número-índice (base: dezembro de 1993 = 100)
382,1,Brasil,30,Número-índice,3354.8500000000000,1,Brasil,201109,setembro 2011,2266,IPCA - Número-índice (base: dezembro de 1993 = 100)
383,1,Brasil,30,Número-índice,3369.2800000000000,1,Brasil,201110,outubro 2011,2266,IPCA - Número-índice (base: dezembro de 1993 = 100)
384,1,Brasil,30,Número-índice,3386.8000000000000,1,Brasil,201111,novembro 2011,2266,IPCA - Número-índice (base: dezembro de 1993 = 100)
385,1,Brasil,30,Número-índice,3403.7300000000000,1,Brasil,201112,dezembro 2011,2266,IPCA - Número-índice (base: dezembro de 1993 = 100)
386,1,Brasil,30,Número-índice,3422.7900000000000,1,Brasil,201201,janeiro 2012,2266,IPCA - Número-índice (base: dezembro de 1993 = 100)
387,1,Brasil,30,Número-índice,3438.1900000000000,1,Brasil,201202,fevereiro 2012,2266,IPCA - Número-índice (base: dezembro de 1993 = 100)
388,1,Brasil,30,Número-índice,3445.4100000000000,1,Brasil,201203,março 2012,2266,IPCA - Número-índice (base: dezembro de 1993 = 100)
389,1,Brasil,30,Número-índice,3467.4600000000000,1,Brasil,201204,abril 2012,2266,IPCA - Número-índice (base: dezembro de 1993 = 100)
390,1,Brasil,30,Número-índice,3479.9400000000000,1,Brasil,201205,maio 2012,2266,IPCA - Número-índice (base: dezembro de 1993 = 100)
391,1,Brasil,30,Número-índice,3482.7200000000000,1,Brasil,201206,junho 2012,2266,IPCA - Número-índice (base: dezembro de 1993 = 100)
392,1,Brasil,30,Número-índice,3497.7000000000000,1,Brasil,201207,julho 2012,2266,IPCA - Número-índice (base: dezembro de 1993 = 100)
393,1,Brasil,30,Número-índice,3512.0400000000000,1,Brasil,201208,agosto 2012,2266,IPCA - Número-índice (base: dezembro de 1993 = 100)
394,1,Brasil,30,Número-índice,3532.0600000000000,1,Brasil,201209,setembro 2012,2266,IPCA - Número-índice (base: dezembro de 1993 = 100)
395,1,Brasil,30,Número-índice,3552.9000000000000,1,Brasil,201210,outubro 2012,2266,IPCA - Número-índice (base: dezembro de 1993 = 100)
396,1,Brasil,30,Número-índice,3574.2200000000000,1,Brasil,201211,novembro 2012,2266,IPCA - Número-índice (base: dezembro de 1993 = 100)
397,1,Brasil,30,Número-índice,3602.4600000000000,1,Brasil,201212,dezembro 2012,2266,IPCA - Número-índice (base: dezembro de 1993 = 100)
398,1,Brasil,30,Número-índice,3633.4400000000000,1,Brasil,201301,janeiro 2013,2266,IPCA - Número-índice (base: dezembro de 1993 = 100)
399,1,Brasil,30,Número-índice,3655.2400000000000,1,Brasil,201302,fevereiro 2013,2266,IPCA - Número-índice (base: dezembro de 1993 = 100)
400,1,Brasil,30,Número-índice,3672.4200000000000,1,Brasil,201303,março 2013,2266,IPCA - Número-índice (base: dezembro de 1993 = 100)
401,1,Brasil,30,Número-índice,3692.6200000000000,1,Brasil,201304,abril 2013,2266,IPCA - Número-índice (base: dezembro de 1993 = 100)
402,1,Brasil,30,Número-índice,3706.2800000000000,1,Brasil,201305,maio 2013,2266,IPCA - Número-índice (base: dezembro de 1993 = 100)
403,1,Brasil,30,Número-índice,3715.9200000000000,1,Brasil,201306,junho 2013,2266,IPCA - Número-índice (base: dezembro de 1993 = 100)
404,1,Brasil,30,Número-índice,3717.0300000000000,1,Brasil,201307,julho 2013,2266,IPCA - Número-índice (base: dezembro de 1993 = 100)
405,1,Brasil,30,Número-índice,3725.9500000000000,1,Brasil,201308,agosto 2013,2266,IPCA - Número-índice (base: dezembro de 1993 = 100)
406,1,Brasil,30,Número-índice,3738.9900000000000,1,Brasil,201309,setembro 2013,2266,IPCA - Número-índice (base: dezembro de 1993 = 100)
407,1,Brasil,30,Número-índice,3760.3000000000000,1,Brasil,201310,outubro 2013,2266,IPCA - Número-índice (base: dezembro de 1993 = 100)
408,1,Brasil,30,Número-índice,3780.6100000000000,1,Brasil,201311,novembro 2013,2266,IPCA - Número-índice (base: dezembro de 1993 = 100)
409,1,Brasil,30,Número-índice,3815.3900000000000,1,Brasil,201312,dezembro 2013,2266,IPCA - Número-índice (base: dezembro de 1993 = 100)
410,1,Brasil,30,Número-índice,3836.3700000000000,1,Brasil,201401,janeiro 2014,2266,IPCA - Número-índice (base: dezembro de 1993 = 100)
411,1,Brasil,30,Número-índice,3862.8400000000000,1,Brasil,201402,fevereiro 2014,2266,IPCA - Número-índice (base: dezembro de 1993 = 100)
412,1,Brasil,30,Número-índice,3898.3800000000000,1,Brasil,201403,março 2014,2266,IPCA - Número-índice (base: dezembro de 1993 = 100)
413,1,Brasil,30,Número-índice,3924.5000000000000,1,Brasil,201404,abril 2014,2266,IPCA - Número-índice (base: dezembro de 1993 = 100)
414,1,Brasil,30,Número-índice,3942.5500000000000,1,Brasil,201405,maio 2014,2266,IPCA - Número-índice (base: dezembro de 1993 = 100)
415,1,Brasil,30,Número-índice,3958.3200000000000,1,Brasil,201406,junho 2014,2266,IPCA - Número-índice (base: dezembro de 1993 = 100)
416,1,Brasil,30,Número-índice,3958.7200000000000,1,Brasil,201407,julho 2014,2266,IPCA - Número-índice (base: dezembro de 1993 = 100)
417,1,Brasil,30,Número-índice,3968.6200000000000,1,Brasil,201408,agosto 2014,2266,IPCA - Número-índice (base: dezembro de 1993 = 100)
418,1,Brasil,30,Número-índice,3991.2400000000000,1,Brasil,201409,setembro 2014,2266,IPCA - Número-índice (base: dezembro de 1993 = 100)
419,1,Brasil,30,Número-índice,4008.0000000000000,1,Brasil,201410,outubro 2014,2266,IPCA - Número-índice (base: dezembro de 1993 = 100)
420,1,Brasil,30,Número-índice,4028.4400000000000,1,Brasil,201411,novembro 2014,2266,IPCA - Número-índice (base: dezembro de 1993 = 100)
421,1,Brasil,30,Número-índice,4059.8600000000000,1,Brasil,201412,dezembro 2014,2266,IPCA - Número-índice (base: dezembro de 1993 = 100)
422,1,Brasil,30,Número-índice,4110.2000000000000,1,Brasil,201501,janeiro 2015,2266,IPCA - Número-índice (base: dezembro de 1993 = 100)
423,1,Brasil,30,Número-índice,4160.3400000000000,1,Brasil,201502,fevereiro 2015,2266,IPCA - Número-índice (base: dezembro de 1993 = 100)
424,1,Brasil,30,Número-índice,4215.2600000000000,1,Brasil,201503,março 2015,2266,IPCA - Número-índice (base: dezembro de 1993 = 100)
425,1,Brasil,30,Número-índice,4245.1900000000000,1,Brasil,201504,abril 2015,2266,IPCA - Número-índice (base: dezembro de 1993 = 100)
426,1,Brasil,30,Número-índice,4276.6000000000000,1,Brasil,201505,maio 2015,2266,IPCA - Número-índice (base: dezembro de 1993 = 100)
427,1,Brasil,30,Número-índice,4310.3900000000000,1,Brasil,201506,junho 2015,2266,IPCA - Número-índice (base: dezembro de 1993 = 100)
428,1,Brasil,30,Número-índice,4337.1100000000000,1,Brasil,201507,julho 2015,2266,IPCA - Número-índice (base: dezembro de 1993 = 100)
429,1,Brasil,30,Número-índice,4346.6500000000000,1,Brasil,201508,agosto 2015,2266,IPCA - Número-índice (base: dezembro de 1993 = 100)
430,1,Brasil,30,Número-índice,4370.1200000000000,1,Brasil,201509,setembro 2015,2266,IPCA - Número-índice (base: dezembro de 1993 = 100)
431,1,Brasil,30,Número-índice,4405.9500000000000,1,Brasil,201510,outubro 2015,2266,IPCA - Número-índice (base: dezembro de 1993 = 100)
432,1,Brasil,30,Número-índice,4450.4500000000000,1,Brasil,201511,novembro 2015,2266,IPCA - Número-índice (base: dezembro de 1993 = 100)
433,1,Brasil,30,Número-índice,4493.1700000000000,1,Brasil,201512,dezembro 2015,2266,IPCA - Número-índice (base: dezembro de 1993 = 100)
434,1,Brasil,30,Número-índice,4550.2300000000000,1,Brasil,201601,janeiro 2016,2266,IPCA - Número-índice (base: dezembro de 1993 = 100)
435,1,Brasil,30,Número-índice,4591.1800000000000,1,Brasil,201602,fevereiro 2016,2266,IPCA - Número-índice (base: dezembro de 1993 = 100)
436,1,Brasil,30,Número-índice,4610.9200000000000,1,Brasil,201603,março 2016,2266,IPCA - Número-índice (base: dezembro de 1993 = 100)
437,1,Brasil,30,Número-índice,4639.0500000000000,1,Brasil,201604,abril 2016,2266,IPCA - Número-índice (base: dezembro de 1993 = 100)
438,1,Brasil,30,Número-índice,4675.2300000000000,1,Brasil,201605,maio 2016,2266,IPCA - Número-índice (base: dezembro de 1993 = 100)
439,1,Brasil,30,Número-índice,4691.5900000000000,1,Brasil,201606,junho 2016,2266,IPCA - Número-índice (base: dezembro de 1993 = 100)
440,1,Brasil,30,Número-índice,4715.9900000000000,1,Brasil,201607,julho 2016,2266,IPCA - Número-índice (base: dezembro de 1993 = 100)
441,1,Brasil,30,Número-índice,4736.7400000000000,1,Brasil,201608,agosto 2016,2266,IPCA - Número-índice (base: dezembro de 1993 = 100)
442,1,Brasil,30,Número-índice,4740.5300000000000,1,Brasil,201609,setembro 2016,2266,IPCA - Número-índice (base: dezembro de 1993 = 100)
443,1,Brasil,30,Número-índice,4752.8600000000000,1,Brasil,201610,outubro 2016,2266,IPCA - Número-índice (base: dezembro de 1993 = 100)
444,1,Brasil,30,Número-índice,4761.4200000000000,1,Brasil,201611,novembro 2016,2266,IPCA - Número-índice (base: dezembro de 1993 = 100)
445,1,Brasil,30,Número-índice,4775.7000000000000,1,Brasil,201612,dezembro 2016,2266,IPCA - Número-índice (base: dezembro de 1993 = 100)
446,1,Brasil,30,Número-índice,4793.8500000000000,1,Brasil,201701,janeiro 2017,2266,IPCA - Número-índice (base: dezembro de 1993 = 100)
447,1,Brasil,30,Número-índice,4809.6700000000000,1,Brasil,201702,fevereiro 2017,2266,IPCA - Número-índice (base: dezembro de 1993 = 100)
448,1,Brasil,30,Número-índice,4821.6900000000000,1,Brasil,201703,março 2017,2266,IPCA - Número-índice (base: dezembro de 1993 = 100)
449,1,Brasil,30,Número-índice,4828.4400000000000,1,Brasil,201704,abril 2017,2266,IPCA - Número-índice (base: dezembro de 1993 = 100)
450,1,Brasil,30,Número-índice,4843.4100000000000,1,Brasil,201705,maio 2017,2266,IPCA - Número-índice (base: dezembro de 1993 = 100)
451,1,Brasil,30,Número-índice,4832.2700000000000,1,Brasil,201706,junho 2017,2266,IPCA - Número-índice (base: dezembro de 1993 = 100)
452,1,Brasil,30,Número-índice,4843.8700000000000,1,Brasil,201707,julho 2017,2266,IPCA - Número-índice (base: dezembro de 1993 = 100)
453,1,Brasil,30,Número-índice,4853.0700000000000,1,Brasil,201708,agosto 2017,2266,IPCA - Número-índice (base: dezembro de 1993 = 100)
454,1,Brasil,30,Número-índice,4860.8300000000000,1,Brasil,201709,setembro 2017,2266,IPCA - Número-índice (base: dezembro de 1993 = 100)
455,1,Brasil,30,Número-índice,4881.2500000000000,1,Brasil,201710,outubro 2017,2266,IPCA - Número-índice (base: dezembro de 1993 = 100)
456,1,Brasil,30,Número-índice,4894.9200000000000,1,Brasil,201711,novembro 2017,2266,IPCA - Número-índice (base: dezembro de 1993 = 100)
457,1,Brasil,30,Número-índice,4916.4600000000000,1,Brasil,201712,dezembro 2017,2266,IPCA - Número-índice (base: dezembro de 1993 = 100)
458,1,Brasil,30,Número-índice,4930.7200000000000,1,Brasil,201801,janeiro 2018,2266,IPCA - Número-índice (base: dezembro de 1993 = 100)
459,1,Brasil,30,Número-índice,4946.5000000000000,1,Brasil,201802,fevereiro 2018,2266,IPCA - Número-índice (base: dezembro de 1993 = 100)
460,1,Brasil,30,Número-índice,4950.9500000000000,1,Brasil,201803,março 2018,2266,IPCA - Número-índice (base: dezembro de 1993 = 100)
461,1,Brasil,30,Número-índice,4961.8400000000000,1,Brasil,201804,abril 2018,2266,IPCA - Número-índice (base: dezembro de 1993 = 100)
462,1,Brasil,30,Número-índice,4981.6900000000000,1,Brasil,201805,maio 2018,2266,IPCA - Número-índice (base: dezembro de 1993 = 100)
463,1,Brasil,30,Número-índice,5044.4600000000000,1,Brasil,201806,junho 2018,2266,IPCA - Número-índice (base: dezembro de 1993 = 100)
464,1,Brasil,30,Número-índice,5061.1100000000000,1,Brasil,201807,julho 2018,2266,IPCA - Número-índice (base: dezembro de 1993 = 100)
465,1,Brasil,30,Número-índice,5056.5600000000000,1,Brasil,201808,agosto 2018,2266,IPCA - Número-índice (base: dezembro de 1993 = 100)
466,1,Brasil,30,Número-índice,5080.8300000000000,1,Brasil,201809,setembro 2018,2266,IPCA - Número-índice (base: dezembro de 1993 = 100)
467,1,Brasil,30,Número-índice,5103.6900000000000,1,Brasil,201810,outubro 2018,2266,IPCA - Número-índice (base: dezembro de 1993 = 100)
468,1,Brasil,30,Número-índice,5092.9700000000000,1,Brasil,201811,novembro 2018,2266,IPCA - Número-índice (base: dezembro de 1993 = 100)
469,1,Brasil,30,Número-índice,5100.6100000000000,1,Brasil,201812,dezembro 2018,2266,IPCA - Número-índice (base: dezembro de 1993 = 100)
470,1,Brasil,30,Número-índice,5116.9300000000000,1,Brasil,201901,janeiro 2019,2266,IPCA - Número-índice (base: dezembro de 1993 = 100)
471,1,Brasil,30,Número-índice,5138.9300000000000,1,Brasil,201902,fevereiro 2019,2266,IPCA - Número-índice (base: dezembro de 1993 = 100)
472,1,Brasil,30,Número-índice,5177.4700000000000,1,Brasil,201903,março 2019,2266,IPCA - Número-índice (base: dezembro de 1993 = 100)
473,1,Brasil,30,Número-índice,5206.9800000000000,1,Brasil,201904,abril 2019,2266,IPCA - Número-índice (base: dezembro de 1993 = 100)
474,1,Brasil,30,Número-índice,5213.7500000000000,1,Brasil,201905,maio 2019,2266,IPCA - Número-índice (base: dezembro de 1993 = 100)
475,1,Brasil,30,Número-índice,5214.2700000000000,1,Brasil,201906,junho 2019,2266,IPCA - Número-índice (base: dezembro de 1993 = 100)
476,1,Brasil,30,Número-índice,5224.1800000000000,1,Brasil,201907,julho 2019,2266,IPCA - Número-índice (base: dezembro de 1993 = 100)
477,1,Brasil,30,Número-índice,5229.9300000000000,1,Brasil,201908,agosto 2019,2266,IPCA - Número-índice (base: dezembro de 1993 = 100)
478,1,Brasil,30,Número-índice,5227.8400000000000,1,Brasil,201909,setembro 2019,2266,IPCA - Número-índice (base: dezembro de 1993 = 100)
479,1,Brasil,30,Número-índice,5233.0700000000000,1,Brasil,201910,outubro 2019,2266,IPCA - Número-índice (base: dezembro de 1993 = 100)
480,1,Brasil,30,Número-índice,5259.7600000000000,1,Brasil,201911,novembro 2019,2266,IPCA - Número-índice (base: dezembro de 1993 = 100)
481,1,Brasil,30,Número-índice,5320.2500000000000,1,Brasil,201912,dezembro 2019,2266,IPCA - Número-índice (base: dezembro de 1993 = 100)
482,1,Brasil,30,Número-índice,5331.4200000000000,1,Brasil,202001,janeiro 2020,2266,IPCA - Número-índice (base: dezembro de 1993 = 100)
483,1,Brasil,30,Número-índice,5344.7500000000000,1,Brasil,202002,fevereiro 2020,2266,IPCA - Número-índice (base: dezembro de 1993 = 100)
484,1,Brasil,30,Número-índice,5348.4900000000000,1,Brasil,202003,março 2020,2266,IPCA - Número-índice (base: dezembro de 1993 = 100)
485,1,Brasil,30,Número-índice,5331.9100000000000,1,Brasil,202004,abril 2020,2266,IPCA - Número-índice (base: dezembro de 1993 = 100)
486,1,Brasil,30,Número-índice,5311.6500000000000,1,Brasil,202005,maio 2020,2266,IPCA - Número-índice (base: dezembro de 1993 = 100)
487,1,Brasil,30,Número-índice,5325.4600000000000,1,Brasil,202006,junho 2020,2266,IPCA - Número-índice (base: dezembro de 1993 = 100)
488,1,Brasil,30,Número-índice,5344.6300000000000,1,Brasil,202007,julho 2020,2266,IPCA - Número-índice (base: dezembro de 1993 = 100)
489,1,Brasil,30,Número-índice,5357.4600000000000,1,Brasil,202008,agosto 2020,2266,IPCA - Número-índice (base: dezembro de 1993 = 100)
490,1,Brasil,30,Número-índice,5391.7500000000000,1,Brasil,202009,setembro 2020,2266,IPCA - Número-índice (base: dezembro de 1993 = 100)
491,1,Brasil,30,Número-índice,5438.1200000000000,1,Brasil,202010,outubro 2020,2266,IPCA - Número-índice (base: dezembro de 1993 = 100)
492,1,Brasil,30,Número-índice,5486.5200000000000,1,Brasil,202011,novembro 2020,2266,IPCA - Número-índice (base: dezembro de 1993 = 100)
493,1,Brasil,30,Número-índice,5560.5900000000000,1,Brasil,202012,dezembro 2020,2266,IPCA - Número-índice (base: dezembro de 1993 = 100)
494,1,Brasil,30,Número-índice,5574.4900000000000,1,Brasil,202101,janeiro 2021,2266,IPCA - Número-índice (base: dezembro de 1993 = 100)
495,1,Brasil,30,Número-índice,5622.4300000000000,1,Brasil,202102,fevereiro 2021,2266,IPCA - Número-índice (base: dezembro de 1993 = 100)
496,1,Brasil,30,Número-índice,5674.7200000000000,1,Brasil,202103,março 2021,2266,IPCA - Número-índice (base: dezembro de 1993 = 100)
497,1,Brasil,30,Número-índice,5692.3100000000000,1,Brasil,202104,abril 2021,2266,IPCA - Número-índice (base: dezembro de 1993 = 100)
498,1,Brasil,30,Número-índice,5739.5600000000000,1,Brasil,202105,maio 2021,2266,IPCA - Número-índice (base: dezembro de 1993 = 100)
499,1,Brasil,30,Número-índice,5769.9800000000000,1,Brasil,202106,junho 2021,2266,IPCA - Número-índice (base: dezembro de 1993 = 100)
500,1,Brasil,30,Número-índice,5825.3700000000000,1,Brasil,202107,julho 2021,2266,IPCA - Número-índice (base: dezembro de 1993 = 100)
501,1,Brasil,30,Número-índice,5876.0500000000000,1,Brasil,202108,agosto 2021,2266,IPCA - Número-índice (base: dezembro de 1993 = 100)
502,1,Brasil,30,Número-índice,5944.2100000000000,1,Brasil,202109,setembro 2021,2266,IPCA - Número-índice (base: dezembro de 1993 = 100)
503,1,Brasil,30,Número-índice,6018.5100000000000,1,Brasil,202110,outubro 2021,2266,IPCA - Número-índice (base: dezembro de 1993 = 100)
504,1,Brasil,30,Número-índice,6075.6900000000000,1,Brasil,202111,novembro 2021,2266,IPCA - Número-índice (base: dezembro de 1993 = 100)
505,1,Brasil,30,Número-índice,6120.0400000000000,1,Brasil,202112,dezembro 2021,2266,IPCA - Número-índice (base: dezembro de 1993 = 100)
506,1,Brasil,30,Número-índice,6153.0900000000000,1,Brasil,202201,janeiro 2022,2266,IPCA - Número-índice (base: dezembro de 1993 = 100)
507,1,Brasil,30,Número-índice,6215.2400000000000,1,Brasil,202202,fevereiro 2022,2266,IPCA - Número-índice (base: dezembro de 1993 = 100)
508,1,Brasil,30,Número-índice,6315.9300000000000,1,Brasil,202203,março 2022,2266,IPCA - Número-índice (base: dezembro de 1993 = 100)
509,1,Brasil,30,Número-índice,6382.8800000000000,1,Brasil,202204,abril 2022,2266,IPCA - Número-índice (base: dezembro de 1993 = 100)
510,1,Brasil,30,Número-índice,6412.8800000000000,1,Brasil,202205,maio 2022,2266,IPCA - Número-índice (base: dezembro de 1993 = 100)
511,1,Brasil,30,Número-índice,6455.8500000000000,1,Brasil,202206,junho 2022,2266,IPCA - Número-índice (base: dezembro de 1993 = 100)
512,1,Brasil,30,Número-índice,6411.9500000000000,1,Brasil,202207,julho 2022,2266,IPCA - Número-índice (base: dezembro de 1993 = 100)
513,1,Brasil,30,Número-índice,6388.8700000000000,1,Brasil,202208,agosto 2022,2266,IPCA - Número-índice (base: dezembro de 1993 = 100)
514,1,Brasil,30,Número-índice,6370.3400000000000,1,Brasil,202209,setembro 2022,2266,IPCA - Número-índice (base: dezembro de 1993 = 100)
515,1,Brasil,30,Número-índice,6407.9300000000000,1,Brasil,202210,outubro 2022,2266,IPCA - Número-índice (base: dezembro de 1993 = 100)
516,1,Brasil,30,Número-índice,6434.2000000000000,1,Brasil,202211,novembro 2022,2266,IPCA - Número-índice (base: dezembro de 1993 = 100)
517,1,Brasil,30,Número-índice,6474.0900000000000,1,Brasil,202212,dezembro 2022,2266,IPCA - Número-índice (base: dezembro de 1993 = 100)
518,1,Brasil,30,Número-índice,6508.4000000000000,1,Brasil,202301,janeiro 2023,2266,IPCA - Número-índice (base: dezembro de 1993 = 100)
519,1,Brasil,30,Número-índice,6563.0700000000000,1,Brasil,202302,fevereiro 2023,2266,IPCA - Número-índice (base: dezembro de 1993 = 100)
520,1,Brasil,30,Número-índice,6609.6700000000000,1,Brasil,202303,março 2023,2266,IPCA - Número-índice (base: dezembro de 1993 = 100)
521,1,Brasil,30,Número-índice,6649.9900000000000,1,Brasil,202304,abril 2023,2266,IPCA - Número-índice (base: dezembro de 1993 = 100)
522,1,Brasil,30,Número-índice,6665.2800000000000,1,Brasil,202305,maio 2023,2266,IPCA - Número-índice (base: dezembro de 1993 = 100)
523,1,Brasil,30,Número-índice,6659.9500000000000,1,Brasil,202306,junho 2023,2266,IPCA - Número-índice (base: dezembro de 1993 = 100)
524,1,Brasil,30,Número-índice,6667.9400000000000,1,Brasil,202307,julho 2023,2266,IPCA - Número-índice (base: dezembro de 1993 = 100)
525,1,Brasil,30,Número-índice,6683.2800000000000,1,Brasil,202308,agosto 2023,2266,IPCA - Número-índice (base: dezembro de 1993 = 100)
526,1,Brasil,30,Número-índice,6700.6600000000000,1,Brasil,202309,setembro 2023,2266,IPCA - Número-índice (base: dezembro de 1993 = 100)
527,1,Brasil,30,Número-índice,6716.7400000000000,1,Brasil,202310,outubro 2023,2266,IPCA - Número-índice (base: dezembro de 1993 = 100)
